[
    {
        "colorCase": "lightcoral",
        "gaming": true,
        "hdd": 128,
        "name": "Santa Maria",
        "numMonitors": 5,
        "operativeSystem": "Linux",
        "peripherals": false,
        "ram": 8,
        "sizeCase": "ATX",
        "type": "Desktop"
    },
    {
        "colorCase": "deepskyblue",
        "gaming": true,
        "hdd": 512,
        "name": "Pinta",
        "numMonitors": 5,
        "operativeSystem": "Linux",
        "peripherals": true,
        "ram": 16,
        "sizeCase": "MINI-ATX",
        "type": "Desktop"
    },
    {
        "colorCase": "chocolate",
        "gaming": true,
        "hdd": 256,
        "name": "Nina",
        "numMonitors": 4,
        "operativeSystem": "Windows",
        "peripherals": true,
        "ram": 8,
        "sizeCase": "ATX",
        "type": "Desktop"
    },
    {
        "colorCase": "black",
        "gaming": true,
        "hdd": 512,
        "name": "Blacky",
        "numMonitors": 0,
        "operativeSystem": "Windows",
        "peripherals": false,
        "ram": 4,
        "sizeCase": "XL-ATX",
        "type": "Desktop"
    },
    {
        "colorCase": "ghostwhite",
        "gaming": true,
        "hdd": 256,
        "name": "White Knight",
        "operativeSystem": "Windows",
        "peripherals": true,
        "ram": 8,
        "screenSize": "Small",
        "sizeCase": "Non disponibile per Laptop.",
        "type": "Laptop"
    },
    {
        "colorCase": "deepskyblue",
        "gaming": true,
        "hdd": 256,
        "name": "Silvia's PC",
        "numMonitors": 0,
        "operativeSystem": "Windows",
        "peripherals": false,
        "ram": 16,
        "sizeCase": "XL-ATX",
        "type": "Desktop"
    },
    {
        "colorCase": "yellow",
        "gaming": false,
        "hdd": 128,
        "name": "Yellowy",
        "numMonitors": 1,
        "operativeSystem": "Windows",
        "peripherals": true,
        "ram": 4,
        "sizeCase": "ATX",
        "type": "Desktop"
    },
    {
        "colorCase": "pink",
        "gaming": false,
        "hdd": 128,
        "name": "Pinky",
        "operativeSystem": "Windows",
        "peripherals": false,
        "ram": 8,
        "screenSize": "Big",
        "sizeCase": "Non disponibile per Laptop.",
        "type": "Laptop"
    },
    {
        "colorCase": "aliceblue",
        "gaming": false,
        "hdd": 512,
        "name": "Lappy",
        "operativeSystem": "No Operative System",
        "peripherals": true,
        "ram": 16,
        "screenSize": "Big",
        "sizeCase": "Non disponibile per Laptop.",
        "type": "Laptop"
    },
    {
        "colorCase": "darkviolet",
        "gaming": false,
        "hdd": 512,
        "name": "Tubbies",
        "operativeSystem": "Android",
        "peripherals": true,
        "ram": 4,
        "sizeCase": "Non disponibile per Tablet.",
        "touch": false,
        "type": "Tablet"
    },
    {
        "colorCase": "hotpink",
        "gaming": false,
        "hdd": 256,
        "name": "Mario's PC",
        "numMonitors": 0,
        "operativeSystem": "Windows",
        "peripherals": false,
        "ram": 4,
        "sizeCase": "XL-ATX",
        "type": "Desktop"
    },
    {
        "colorCase": "tomato",
        "gaming": false,
        "hdd": 512,
        "name": "Mela Mangiata",
        "operativeSystem": "Android",
        "peripherals": false,
        "ram": 8,
        "sizeCase": "Non disponibile per Tablet.",
        "touch": false,
        "type": "Tablet"
    },
    {
        "colorCase": "darkslategray",
        "gaming": true,
        "hdd": 512,
        "name": "Sweeney",
        "operativeSystem": "Windows",
        "peripherals": true,
        "ram": 16,
        "screenSize": "Big",
        "sizeCase": "Non disponibile per Laptop.",
        "type": "Laptop"
    }
]
